#;Time;ProblemId;Rating;Type;Av Time;Solve Time;After First;User Rating
1;2/01/2017 12:24;50754;969.4;Standard;0:39;0:13;0:01;1219.3 (+14.8)
2;2/01/2017 12:23;52409;1252.7;Standard;1:07;0:20;0:02;1204.5 (+49.2)
3;2/01/2017 12:23;166228;1058.4;Standard;1:04;0:27;0:00;1155.3 (-61.4)
4;2/01/2017 12:22;56892;1323.5;Standard;1:45;2:01;0:00;1216.7 (-38.6)
5;2/01/2017 12:19;158890;1227.8;Standard;3:15;2:02;0:00;1255.3 (-70.3)
1;2/01/2017 13:36;97093;1133.5;Standard;1:41;0:30;0:01;1306.1 (+8.7)
2;2/01/2017 13:34;57736;1381.1;Standard;1:13;0:22;0:00;1297.4 (-12.9)
3;2/01/2017 13:33;154920;1434.9;Standard;1:27;1:02;0:20;1310.3 (-11.6)
4;2/01/2017 13:32;89032;1143.3;Standard;1:20;0:44;0:20;1321.9 (+9.7)
5;2/01/2017 13:31;78290;1018.0;Standard;0:45;1:27;0:00;1312.2 (+6.0)
6;2/01/2017 13:28;47082;1119.5;Standard;1:46;0:46;0:04;1306.2 (+10.2)
7;2/01/2017 13:27;47298;1172.3;Standard;0:49;0:21;0:00;1296.0 (-28.3)
8;2/01/2017 13:27;173890;1203.2;Standard;1:04;0:18;0:08;1324.4 (+14.8)
9;2/01/2017 13:26;152832;1026.1;Standard;1:25;1:04;0:03;1309.5 (+7.6)
10;2/01/2017 13:25;64115;1093.0;Standard;1:00;0:10;0:01;1301.9 (+11.3)
11;2/01/2017 13:25;61183;1142.9;Standard;0:59;0:39;0:02;1290.6 (+15.6)
12;2/01/2017 13:24;56121;1384.5;Standard;1:33;0:30;0:05;1275.0 (+36.4)
13;2/01/2017 13:24;43207;1245.6;Standard;1:16;0:29;0:02;1238.6 (+30.8)
14;2/01/2017 13:21;43735;1211.1;Standard;1:49;1:16;0:29;1207.8 (-32.7)
15;2/01/2017 13:19;53278;1090.1;Standard;0:40;0:37;0:07;1240.6 (+21.3)
1;2/01/2017 14:35;153912;1143.5;Standard;1:33;1:05;0:10;1297.8 (+4.4)
2;2/01/2017 14:34;61879;1226.3;Standard;1:33;3:18;0:00;1293.4 (-9.3)
3;2/01/2017 14:29;64769;1365.0;Standard;1:38;0:27;0:00;1302.7 (-6.7)
4;2/01/2017 14:28;74903;1284.7;Standard;1:47;0:30;0:04;1309.4 (+7.9)
5;2/01/2017 14:27;62170;1103.1;Standard;1:29;0:55;0:06;1301.5 (+4.3)
6;2/01/2017 14:25;47790;1177.9;Standard;1:14;0:21;0:00;1297.3 (-12.2)
7;2/01/2017 14:25;174222;1192.1;Standard;1:40;0:39;0:02;1309.5 (+6.5)
8;2/01/2017 14:24;24955;1183.3;Standard;1:28;0:48;0:22;1303.0 (-13.3)
9;2/01/2017 14:23;43153;956.0;Standard;0:55;0:06;0:00;1316.3 (+2.3)
10;2/01/2017 14:23;56235;1188.0;Standard;1:03;1:08;0:07;1314.0 (+7.0)
11;2/01/2017 14:22;155079;1228.2;Standard;0:58;0:35;0:09;1306.9 (+8.7)
12;2/01/2017 14:21;158748;1103.8;Standard;0:55;0:48;0:04;1298.2 (+5.8)
13;2/01/2017 14:20;166589;1330.3;Standard;2:05;3:08;0:00;1292.4 (-10.9)
14;2/01/2017 14:16;97842;1336.3;Standard;3:00;2:45;0:03;1303.3 (+13.9)
15;2/01/2017 14:12;163956;1245.8;Standard;2:01;1:52;0:00;1289.4 (-14.9)
16;2/01/2017 14:10;101882;1116.8;Standard;0:51;0:12;0:02;1304.3 (+7.0)
17;2/01/2017 14:10;43662;1363.8;Standard;2:52;2:28;0:00;1297.3 (-11.6)
18;2/01/2017 14:07;28747;1252.2;Standard;1:31;1:14;0:37;1308.9 (+12.5)
19;2/01/2017 14:05;94683;1433.1;Standard;2:49;0:19;0:00;1296.4 (-9.7)
1;2/01/2017 15:50;59845;1145.0;Standard;0:42;0:09;0:00;1317.4 (-5.1)
2;2/01/2017 15:50;106300;1147.9;Standard;1:17;0:13;0:01;1322.6 (+1.9)
3;2/01/2017 15:50;77738;1211.5;Standard;2:14;1:14;0:56;1320.7 (+2.5)
4;2/01/2017 15:48;15298;1313.5;Standard;1:06;0:36;0:00;1318.2 (+3.5)
5;2/01/2017 15:47;30932;1225.4;Standard;1:32;0:35;0:02;1314.8 (+2.7)
6;2/01/2017 15:46;53372;973.2;Standard;1:07;0:27;0:00;1312.0 (+0.9)
7;2/01/2017 15:46;171302;1148.8;Standard;1:50;0:24;0:04;1311.1 (+2.2)
8;2/01/2017 15:45;115093;972.7;Standard;0:38;0:12;0:06;1308.9 (-7.2)
9;2/01/2017 15:45;50256;1192.5;Standard;1:16;1:05;0:05;1316.0 (+2.8)
10;2/01/2017 15:44;27694;964.8;Standard;0:41;0:23;0:06;1313.2 (+1.1)
11;2/01/2017 15:43;14424;1274.8;Standard;1:49;0:18;0:00;1312.2 (+4.1)
12;2/01/2017 15:43;54257;1030.8;Standard;1:30;0:18;0:02;1308.0 (+1.6)
13;2/01/2017 15:42;60667;1327.2;Standard;1:06;0:34;0:01;1306.4 (+5.3)
14;2/01/2017 15:42;43285;1103.6;Standard;1:19;2:03;0:02;1301.1 (+2.5)
15;2/01/2017 15:39;38951;1269.2;Standard;1:51;0:11;0:00;1298.5 (+5.0)
16;2/01/2017 15:39;60130;1343.1;Standard;1:16;0:34;0:00;1293.5 (-4.9)
17;2/01/2017 15:35;158288;1262.6;Standard;2:13;0:23;0:04;1298.4 (-6.5)
18;2/01/2017 15:35;155531;1185.6;Standard;1:46;0:50;0:20;1304.9 (+4.1)
19;2/01/2017 15:33;103540;1164.0;Standard;2:06;3:56;0:27;1300.8 (+4.0)
20;2/01/2017 15:29;143977;1143.9;Standard;1:00;0:35;0:00;1296.8 (+3.9)
21;2/01/2017 15:28;62798;1233.4;Standard;1:13;2:27;0:00;1292.9 (-8.1)
22;2/01/2017 15:25;26760;1082.9;Standard;1:06;0:52;0:20;1301.0 (+3.2)
1;9/01/2016 17:52;53722;1322.6;Standard;2:31;0:21;0:00;1407.5 (-18.5)
2;9/01/2016 17:52;59395;1372.2;Standard;1:29;1:29;0:03;1425.9 (+13.1)
3;9/01/2016 17:50;14053;1274.3;Standard;1:05;0:35;0:02;1412.8 (+10.0)
4;9/01/2016 17:49;22078;1091.2;Standard;0:49;0:20;0:01;1402.8 (+4.8)
5;9/01/2016 17:49;47894;1213.3;Standard;0:33;0:12;0:00;1398.0 (-26.0)
6;9/01/2016 17:48;77333;1333.7;Standard;2:05;1:57;0:06;1424.0 (+13.7)
7;9/01/2016 17:46;142390;1360.7;Standard;1:53;0:34;0:16;1410.3 (+16.6)
8;9/01/2016 17:46;40964;1297.5;Standard;1:01;0:10;0:01;1393.7 (+14.9)
9;9/01/2016 17:45;158635;1079.3;Standard;1:52;0:13;0:02;1378.9 (+6.4)
10;9/01/2016 17:45;73084;1249.6;Standard;0:41;0:17;0:01;1372.5 (+14.8)
11;9/01/2016 17:45;56969;1228.7;Standard;1:08;0:14;0:02;1357.7 (+15.3)
12;9/01/2016 17:44;48162;1254.0;Standard;1:45;2:08;0:00;1342.4 (-31.6)
13;9/01/2016 17:42;100437;1352.8;Standard;1:20;0:34;0:05;1374.0 (+25.6)
14;9/01/2016 17:41;91434;1033.8;Standard;1:22;0:20;0:04;1348.4 (+8.0)
15;9/01/2016 17:40;45297;1169.2;Standard;1:10;2:24;0:00;1340.5 (-43.9)
16;9/01/2016 17:38;165302;1197.7;Standard;1:19;0:25;0:09;1384.3 (+16.3)
17;9/01/2016 17:37;54859;1143.8;Standard;0:52;0:25;0:12;1368.0 (+14.8)
18;9/01/2016 17:37;148949;1090.3;Standard;1:10;0:28;0:01;1353.2 (+13.2)
19;9/01/2016 17:35;55729;1338.7;Standard;1:47;0:09;0:00;1339.9 (-41.1)
20;9/01/2016 17:35;159502;1004.5;Standard;0:54;0:16;0:02;1381.0 (+8.8)
1;9/01/2016 18:45;148921;1124.3;Standard;1:00;0:15;0:04;1345.8 (+3.5)
2;9/01/2016 18:45;98675;1220.1;Standard;1:00;0:28;0:01;1342.3 (+5.5)
3;9/01/2016 18:44;101853;1115.8;Standard;1:21;0:59;0:02;1336.7 (+3.8)
4;9/01/2016 18:43;73692;1201.6;Standard;1:29;0:56;0:36;1332.9 (+5.8)
5;9/01/2016 18:42;56263;1298.1;Standard;0:47;0:16;0:00;1327.2 (-10.1)
6;9/01/2016 18:42;63321;1229.4;Standard;1:27;0:56;0:00;1337.3 (-12.6)
7;9/01/2016 18:41;48012;1480.0;Standard;2:59;2:20;0:00;1350.0 (-6.5)
8;9/01/2016 18:38;146212;1205.3;Standard;1:48;2:17;0:00;1356.5 (-14.8)
9;9/01/2016 18:36;77883;1358.1;Standard;2:25;2:21;0:18;1371.2 (+10.5)
10;9/01/2016 18:33;100700;1096.9;Standard;1:10;0:20;0:08;1360.8 (+4.1)
11;9/01/2016 18:33;72310;1197.5;Standard;0:35;0:07;0:00;1356.7 (-16.8)
12;9/01/2016 18:33;88672;1424.3;Standard;2:41;0:21;0:13;1373.5 (-10.5)
13;9/01/2016 18:32;104378;1237.8;Standard;1:32;0:27;0:01;1384.0 (+7.7)
14;9/01/2016 18:31;159771;1390.7;Standard;4:38;2:13;0:20;1376.3 (-12.7)
15;9/01/2016 18:29;26008;1307.6;Standard;0:51;0:10;0:00;1389.0 (-16.9)
16;9/01/2016 18:28;166779;1498.0;Standard;0:30;0:18;0:00;1405.9 (-1.5)
1;10/01/2016 16:23;158234;1395.5;Standard;1:27;0:09;0:01;1330.4 (+4.8)
2;10/01/2016 16:23;92174;1157.5;Standard;1:02;0:24;0:06;1325.7 (+2.3)
3;10/01/2016 16:22;150489;1135.4;Standard;0:57;0:59;0:00;1323.4 (-6.4)
4;10/01/2016 16:20;72531;1137.9;Standard;0:53;0:34;0:03;1329.8 (+2.2)
5;10/01/2016 16:19;46745;1422.3;Standard;2:16;0:19;0:00;1327.6 (-3.4)
6;10/01/2016 16:19;51132;1302.1;Standard;0:49;0:14;0:00;1331.0 (+4.4)
7;10/01/2016 16:18;2749;1312.2;Standard;2:13;0:58;0:15;1326.6 (-5.2)
8;10/01/2016 16:17;47340;1092.2;Standard;0:49;0:22;0:01;1331.8 (+2.1)
9;10/01/2016 16:17;59695;1230.8;Standard;1:08;0:23;0:05;1329.7 (-6.9)
10;10/01/2016 16:16;63525;1338.9;Standard;1:51;0:24;0:00;1336.5 (-5.5)
11;10/01/2016 16:14;149781;1215.1;Standard;2:14;0:21;0:00;1342.1 (-7.8)
12;10/01/2016 16:14;80428;1285.2;Standard;0:57;0:11;0:01;1349.9 (+4.9)
13;10/01/2016 16:13;17460;1264.7;Standard;1:35;1:23;0:44;1345.0 (-7.6)
14;10/01/2016 16:11;147045;1315.0;Standard;1:45;0:26;0:01;1352.6 (+5.8)
15;10/01/2016 16:11;30656;1032.6;Standard;0:46;0:22;0:00;1346.8 (+1.9)
16;10/01/2016 16:10;12118;1304.3;Standard;3:05;0:10;0:00;1344.9 (-7.8)
17;10/01/2016 16:09;106655;1144.3;Standard;0:44;0:11;0:02;1352.7 (+3.4)
18;10/01/2016 16:09;12594;1118.9;Standard;1:11;1:00;0:01;1349.4 (+3.2)
19;10/01/2016 16:08;13340;1331.5;Standard;2:40;1:06;0:18;1346.2 (+7.5)
20;10/01/2016 16:07;74292;1384.8;Standard;1:37;0:27;0:01;1338.7 (-7.0)
1;10/01/2016 16:35;152414;1178.8;Standard;1:45;0:44;0:31;1333.2 (+2.1)
2;10/01/2016 16:34;94877;1193.0;Standard;1:34;0:47;0:09;1331.2 (-4.9)
3;10/01/2016 16:33;32750;1347.3;Standard;1:34;0:47;0:07;1336.0 (+3.6)
4;10/01/2016 16:31;22204;1489.1;Standard;1:13;0:30;0:08;1332.4 (+5.0)
5;10/01/2016 16:31;60650;1164.4;Standard;0:41;0:20;0:02;1327.4 (+2.0)
6;10/01/2016 16:30;55735;1136.0;Standard;1:19;0:57;0:19;1325.4 (+1.8)
7;10/01/2016 16:29;144878;1199.7;Standard;1:54;1:37;0:05;1323.6 (-4.8)
8;10/01/2016 16:27;152056;1276.3;Standard;2:00;0:54;0:09;1328.5 (+3.2)
9;10/01/2016 16:26;61944;1209.3;Standard;1:57;0:26;0:00;1325.3 (-5.1)
1;11/01/2016 19:37;101720;1401.2;Standard;1:13;0:06;0:01;1345.1 (+4.1)
2;11/01/2016 19:36;50423;1214.7;Standard;0:59;0:10;0:02;1341.0 (+2.3)
3;11/01/2016 19:35;51856;1165.2;Standard;1:07;0:24;0:00;1338.7 (-5.1)
4;11/01/2016 19:34;61797;1352.7;Standard;1:05;0:06;0:00;1343.8 (-3.4)
5;11/01/2016 19:34;154733;1321.0;Standard;1:57;0:59;0:39;1347.3 (+3.3)
6;11/01/2016 19:33;77005;1034.9;Standard;1:02;0:07;0:01;1344.0 (+1.0)
7;11/01/2016 19:33;145214;1291.8;Standard;1:49;0:23;0:05;1343.0 (+3.0)
8;11/01/2016 19:32;30236;1251.5;Standard;1:16;0:31;0:01;1340.0 (+2.6)
9;11/01/2016 19:31;76386;1226.6;Standard;1:29;0:46;0:00;1337.3 (-4.6)
10;11/01/2016 19:30;53983;1229.9;Standard;1:19;0:06;0:00;1341.9 (+2.4)
11;11/01/2016 19:29;29936;1287.2;Standard;1:29;0:30;0:01;1339.5 (+3.0)
12;11/01/2016 19:28;160507;1340.3;Standard;1:27;0:21;0:00;1336.5 (-3.5)
13;11/01/2016 19:28;77276;1178.3;Standard;1:17;1:16;0:00;1340.0 (-5.1)
14;11/01/2016 19:26;48866;1281.3;Standard;2:13;4:20;0:11;1345.0 (+2.9)
15;11/01/2016 19:22;57448;1192.5;Standard;1:07;0:22;0:01;1342.2 (+2.1)
16;11/01/2016 19:21;50250;1153.7;Standard;1:10;0:13;0:01;1340.1 (+1.8)
17;11/01/2016 19:21;105474;1233.8;Standard;1:51;0:48;0:07;1338.3 (+2.5)
18;11/01/2016 19:20;49706;945.1;Standard;0:37;0:40;0:01;1335.8 (+0.7)
19;11/01/2016 19:19;48875;1147.9;Standard;0:34;0:10;0:02;1335.1 (+1.8)
20;11/01/2016 19:19;50956;1113.6;Standard;0:53;0:07;0:01;1333.3 (+1.6)
21;11/01/2016 19:19;91942;1021.6;Standard;0:40;0:10;0:01;1331.8 (+1.0)
22;11/01/2016 19:17;75014;1359.5;Standard;2:31;2:18;0:00;1330.8 (-3.2)
23;11/01/2016 19:14;63266;1037.8;Standard;0:47;0:12;0:02;1334.0 (+1.1)
24;11/01/2016 19:13;151838;1143.3;Standard;1:26;0:20;0:01;1332.9 (-5.3)
25;11/01/2016 19:13;156518;1395.6;Standard;2:13;0:22;0:07;1338.2 (+4.1)
26;11/01/2016 19:12;146875;1319.5;Standard;2:03;1:25;0:14;1334.1 (+3.4)
27;11/01/2016 19:11;143504;1346.4;Standard;1:25;0:25;0:12;1330.7 (+3.7)
28;11/01/2016 19:10;53251;1043.8;Standard;1:26;0:31;0:01;1327.0 (+1.2)
29;11/01/2016 19:09;71635;1191.9;Standard;1:21;0:16;0:12;1325.9 (-4.8)
30;11/01/2016 19:09;92479;1223.2;Standard;1:14;0:41;0:26;1330.7 (-4.7)
31;11/01/2016 19:08;80276;1078.7;Standard;0:44;0:09;0:03;1335.4 (+1.4)
32;11/01/2016 19:08;166447;940.8;Standard;1:01;7:57;0:04;1334.0 (+0.8)
1;12/01/2016 19:12;100618;1233.0;Standard;1:15;0:32;0:08;1331.9 (+2.5)
2;12/01/2016 19:11;44155;1300.8;Standard;1:24;2:09;0:07;1329.4 (+3.2)
3;12/01/2016 19:09;2910;1389.8;Standard;0:58;0:11;0:00;1326.1 (-2.9)
4;12/01/2016 19:09;47291;1194.9;Standard;1:08;0:50;0:00;1329.0 (+2.2)
5;12/01/2016 19:08;62907;1254.0;Standard;0:51;1:13;0:00;1326.8 (-4.2)
6;12/01/2016 19:06;80611;1097.8;Standard;0:28;0:14;0:00;1331.0 (-5.6)
7;12/01/2016 19:05;30765;1230.1;Standard;0:51;0:22;0:00;1336.6 (+2.5)
8;12/01/2016 19:04;58865;1185.7;Standard;0:32;0:15;0:00;1334.1 (+2.1)
9;12/01/2016 19:04;102955;1405.0;Standard;2:27;0:56;0:00;1332.0 (-2.8)
10;12/01/2016 19:03;43144;1142.0;Standard;0:37;0:49;0:00;1334.8 (-5.3)
11;12/01/2016 19:02;74206;1243.1;Standard;0:51;0:16;0:00;1340.1 (-4.5)
12;12/01/2016 19:01;156478;1487.1;Standard;2:14;0:11;0:00;1344.6 (-2.2)
13;12/01/2016 19:00;141487;1213.9;Standard;1:47;2:09;0:18;1346.8 (+2.2)
14;12/01/2016 18:58;52747;1359.2;Standard;1:14;0:42;0:00;1344.5 (-3.4)
15;12/01/2016 18:57;143019;1311.8;Standard;1:49;0:37;0:03;1347.9 (+3.2)
16;12/01/2016 18:56;75221;1245.3;Standard;0:48;0:15;0:02;1344.7 (+2.5)
17;12/01/2016 18:56;7599;1110.6;Standard;1:03;0:13;0:00;1342.2 (+1.5)
18;12/01/2016 18:55;63707;1196.7;Standard;1:25;0:10;0:00;1340.7 (-4.9)
19;12/01/2016 18:55;140083;1435.1;Standard;3:30;0:54;0:28;1345.6 (-2.6)
20;12/01/2016 18:54;149295;1214.5;Standard;1:05;0:14;0:01;1348.3 (+2.2)
21;12/01/2016 18:54;60370;1037.7;Standard;0:56;3:27;0:00;1346.0 (+1.0)
22;12/01/2016 18:50;76356;1274.4;Standard;1:55;1:00;0:34;1345.0 (+2.8)
23;12/01/2016 18:49;6744;1250.5;Standard;0:57;0:25;0:00;1342.2 (+2.6)
24;12/01/2016 18:48;152634;1210.8;Standard;1:46;1:24;1:00;1339.6 (-4.8)
25;12/01/2016 18:46;155050;1191.3;Standard;1:48;0:29;0:03;1344.3 (+2.1)
26;12/01/2016 18:46;60569;1298.4;Standard;1:30;1:07;0:00;1342.3 (-4.0)
27;12/01/2016 18:44;142451;1219.3;Standard;1:17;0:10;0:01;1346.2 (+2.3)
28;12/01/2016 18:44;40334;1222.3;Standard;1:12;2:18;0:00;1344.0 (-4.7)
29;12/01/2016 18:41;62237;1409.7;Standard;0:51;0:17;0:01;1348.7 (-2.9)
30;12/01/2016 18:40;63934;1359.1;Standard;1:21;2:02;0:42;1351.6 (-3.4)
31;12/01/2016 18:38;63812;1195.4;Standard;1:00;0:44;0:01;1355.0 (+2.0)
32;12/01/2016 18:37;44213;1088.4;Standard;0:32;0:07;0:00;1353.0 (-5.8)
33;12/01/2016 18:37;93042;1320.6;Standard;2:02;2:03;0:00;1358.8 (-3.9)
34;12/01/2016 18:34;166774;1223.4;Standard;1:43;1:49;0:02;1362.7 (+2.1)
35;12/01/2016 18:32;54138;1224.1;Standard;1:17;1:08;0:04;1360.6 (+2.2)
36;12/01/2016 18:30;76334;1326.9;Standard;0:56;0:16;0:00;1358.4 (-3.8)
37;12/01/2016 18:30;164680;1183.0;Standard;1:15;0:23;0:14;1362.2 (+1.9)
38;12/01/2016 18:29;46725;1098.6;Standard;1:13;0:15;0:03;1360.4 (+1.3)
39;12/01/2016 18:28;94024;1384.8;Standard;0:55;5:40;0:00;1359.1 (+3.8)
40;12/01/2016 18:22;44961;1238.8;Standard;1:24;0:59;0:00;1355.3 (-4.7)
41;12/01/2016 18:20;161088;1202.7;Standard;1:12;0:36;0:07;1360.0 (+2.0)
42;12/01/2016 18:19;149000;1353.4;Standard;3:24;4:30;4:17;1358.0 (+3.5)
43;12/01/2016 18:14;155082;1230.9;Standard;1:00;0:11;0:01;1354.5 (+2.3)
44;12/01/2016 18:14;162062;1004.5;Standard;1:01;0:32;0:01;1352.2 (+0.8)
45;12/01/2016 18:13;166701;1234.9;Standard;0:59;0:29;0:16;1351.3 (+2.3)
46;12/01/2016 18:12;14773;1085.8;Standard;1:26;0:23;0:01;1349.0 (+1.3)
47;12/01/2016 18:11;105077;1230.9;Standard;1:41;3:02;0:03;1347.7 (+2.6)
1;19/01/2016 20:52;79951;1302.2;Standard;2:22;3:07;0:00;1325.6 (-3.8)
2;19/01/2016 20:49;57383;1132.1;Standard;0:39;0:34;0:01;1329.4 (+1.7)
3;19/01/2016 20:48;102934;1197.2;Standard;1:57;15:11;0:00;1327.7 (-4.8)
4;19/01/2016 20:33;28461;1257.9;Standard;0:47;0:22;0:01;1332.5 (+2.8)
5;19/01/2016 20:32;31647;1323.4;Standard;1:11;0:40;0:00;1329.7 (-3.6)
6;19/01/2016 20:32;59577;1258.6;Standard;0:38;1:28;0:00;1333.3 (+2.8)
7;19/01/2016 20:30;164229;1211.7;Standard;2:05;0:35;0:07;1330.5 (-4.7)
8;19/01/2016 20:29;154544;1058.8;Standard;1:28;15:05;14:53;1335.2 (+1.2)
9;19/01/2016 20:14;163085;1271.0;Standard;1:58;0:29;0:15;1334.0 (+3.0)
10;19/01/2016 20:14;151202;1236.9;Standard;1:48;1:22;0:07;1331.0 (+2.7)
11;19/01/2016 20:12;74946;1067.3;Standard;1:00;0:10;0:04;1328.3 (-6.3)
12;19/01/2016 20:12;80262;1110.6;Standard;1:14;1:29;0:02;1334.6 (+1.7)
13;19/01/2016 20:10;72422;1299.7;Standard;1:06;0:16;0:07;1332.9 (+3.8)
14;19/01/2016 20:10;158474;1185.6;Standard;1:15;0:14;0:01;1329.1 (+2.6)
15;19/01/2016 20:10;53632;1194.9;Standard;1:15;0:22;0:00;1326.5 (+2.8)
16;19/01/2016 20:09;93336;1341.4;Standard;1:33;0:47;0:00;1323.6 (-4.4)
17;19/01/2016 20:08;52389;1214.7;Standard;1:40;0:56;0:28;1328.0 (+3.3)
18;19/01/2016 20:07;56199;1169.7;Standard;1:06;0:11;0:01;1324.7 (+2.9)
19;19/01/2016 20:07;64955;1214.2;Standard;1:46;2:05;0:01;1321.9 (+3.6)
20;19/01/2016 20:04;79523;1338.2;Standard;1:22;0:31;0:00;1318.2 (-5.0)
21;19/01/2016 19:56;59434;1338.1;Standard;1:25;0:18;0:06;1323.3 (-5.3)
22;19/01/2016 19:55;24737;1194.5;Standard;2:13;0:59;0:39;1328.6 (+3.6)
23;16/01/2016 16:55;26214;1328.9;Standard;1:55;0:50;0:00;1325.0 (-4.5)
24;16/01/2016 16:54;57810;1240.7;Standard;1:39;1:47;0:15;1329.5 (+3.6)
25;16/01/2016 16:52;73048;1146.4;Standard;1:26;0:43;0:15;1325.9 (+2.6)
26;16/01/2016 16:51;8100;1037.7;Standard;0:54;0:13;0:00;1323.4 (-8.5)
1;3/01/2017 11:25;74004;1207.2;Standard;1:04;0:23;0:01;1335.0 (+2.3)
2;3/01/2017 11:24;13458;1218.2;Standard;1:03;0:40;0:01;1332.7 (+2.4)
3;3/01/2017 11:23;142426;1210.4;Standard;1:13;0:28;0:00;1330.3 (-4.7)
4;3/01/2017 11:23;30431;1114.1;Standard;1:00;0:42;0:01;1335.0 (+1.5)
5;3/01/2017 11:21;92311;1182.5;Standard;1:05;0:24;0:00;1333.5 (-5.0)
6;3/01/2017 11:21;167212;982.4;Standard;0:58;0:09;0:00;1338.4 (+0.8)
7;3/01/2017 11:21;165641;1077.8;Standard;1:01;0:26;0:11;1337.6 (+1.3)
8;3/01/2017 11:20;146662;1257.3;Standard;1:49;0:30;0:14;1336.3 (+2.7)
9;3/01/2017 11:19;147134;1327.7;Standard;2:06;1:03;0:48;1333.6 (+3.5)
10;3/01/2017 11:18;177091;1081.8;Standard;0:32;0:31;0:01;1330.1 (+1.4)
11;3/01/2017 11:17;149107;1222.5;Standard;2:37;1:14;0:20;1328.8 (+2.5)
12;3/01/2017 11:15;177220;1388.2;Standard;3:01;1:30;0:03;1326.3 (+4.1)
13;3/01/2017 11:13;172420;1223.1;Standard;1:41;0:12;0:03;1322.1 (+2.5)
14;3/01/2017 11:13;44011;1154.5;Standard;1:02;0:54;0:01;1319.6 (+2.0)
15;3/01/2017 11:12;101597;1477.4;Standard;3:41;0:44;0:00;1317.6 (-2.0)
1;3/01/2017 13:26;57958;1295.8;Standard;1:02;0:32;0:00;1326.0 (-3.8)
2;3/01/2017 13:25;156738;1137.7;Standard;1:01;0:10;0:01;1329.9 (+1.8)
3;3/01/2017 13:25;47752;1188.3;Standard;1:16;1:09;0:01;1328.1 (+2.2)
4;3/01/2017 13:23;153087;1322.8;Standard;2:37;0:54;0:00;1325.9 (-3.6)
5;3/01/2017 13:22;40371;1216.9;Standard;0:52;0:33;0:00;1329.5 (-4.6)
6;3/01/2017 13:21;155958;1231.4;Standard;1:39;0:16;0:00;1334.1 (-4.5)
7;3/01/2017 13:20;19787;1205.6;Standard;1:54;1:30;1:04;1338.6 (+2.2)
8;3/01/2017 13:18;63003;1091.8;Standard;0:42;0:12;0:01;1336.4 (+1.4)
1;3/01/2017 13:57;158744;1107.2;Standard;1:01;1:01;0:47;1326.3 (+1.6)
2;3/01/2017 13:56;169470;1319.0;Standard;2:30;2:40;0:07;1324.8 (+3.5)
3;3/01/2017 13:53;60554;1200.5;Standard;1:18;2:01;0:00;1321.3 (-4.7)
4;3/01/2017 13:50;89945;1386.1;Standard;3:00;2:52;1:04;1326.0 (+4.1)
5;3/01/2017 13:47;73149;1102.2;Standard;1:15;0:25;0:01;1321.9 (+1.6)
6;3/01/2017 13:47;144374;1021.3;Standard;2:00;1:03;0:38;1320.3 (+1.1)
7;3/01/2017 13:44;89846;1236.3;Standard;0:56;0:18;0:00;1319.2 (-4.3)
8;3/01/2017 13:43;152835;1270.0;Standard;2:27;1:29;0:00;1323.6 (-4.1)
9;3/01/2017 13:42;119710;1119.4;Standard;1:10;4:32;0:00;1327.7 (+1.6)
1;3/01/2017 15:39;64310;1394.0;Standard;1:13;0:12;0:00;1327.6 (-2.9)
2;3/01/2017 15:39;19170;1005.8;Standard;0:54;0:26;0:01;1330.5 (+0.9)
3;3/01/2017 15:38;53925;906.1;Standard;0:28;0:20;0:00;1329.5 (+0.6)
4;3/01/2017 15:38;180852;1307.5;Standard;1:55;1:44;0:04;1329.0 (+3.3)
5;3/01/2017 15:36;15200;1228.2;Standard;1:08;3:20;0:00;1325.7 (-4.5)
6;3/01/2017 15:33;50090;1039.8;Standard;0:52;0:33;0:15;1330.1 (+1.1)
7;3/01/2017 15:31;31575;1319.7;Standard;0:44;0:11;0:00;1329.0 (-3.6)
8;3/01/2017 15:31;157850;1175.9;Standard;1:48;1:24;0:14;1332.6 (+2.0)
9;3/01/2017 15:29;9039;1210.3;Standard;1:28;0:24;0:03;1330.6 (+2.4)
10;3/01/2017 15:29;62758;1160.4;Standard;1:30;0:37;0:01;1328.3 (+1.9)
1;4/01/2017 11:37;28367;1179.3;Standard;0:43;0:30;0:02;1335.1 (+2.0)
2;4/01/2017 11:36;60646;1242.4;Standard;1:28;0:32;0:05;1333.1 (+2.6)
3;4/01/2017 11:36;40465;1226.4;Standard;1:09;0:17;0:02;1330.5 (+2.5)
4;4/01/2017 11:36;14013;1196.1;Standard;1:07;0:44;0:24;1328.0 (+2.2)
5;4/01/2017 11:35;76593;1230.8;Standard;1:16;0:42;0:03;1325.7 (+2.6)
6;4/01/2017 11:34;15297;1265.0;Standard;1:16;0:50;0:02;1323.1 (+2.9)
7;4/01/2017 11:33;23034;1183.1;Standard;1:19;2:56;0:05;1320.2 (+2.2)
8;4/01/2017 11:30;50818;1083.8;Standard;0:40;0:13;0:00;1318.0 (+1.5)
9;4/01/2017 11:29;174631;1219.3;Standard;1:52;2:53;0:00;1316.6 (-4.5)
10;4/01/2017 11:26;88448;1134.5;Standard;1:02;0:19;0:04;1321.0 (+1.8)
11;4/01/2017 11:26;52953;1193.9;Standard;0:31;0:13;0:00;1319.2 (-4.7)
12;4/01/2017 11:25;103694;1439.9;Standard;2:17;2:15;0:00;1324.0 (-2.4)
13;4/01/2017 11:23;61740;1277.7;Standard;2:12;1:23;0:07;1326.4 (+3.1)
14;4/01/2017 11:21;98210;1268.3;Standard;1:41;0:54;0:00;1323.3 (-4.3)
1;4/01/2017 12:14;177721;1317.1;Standard;3:07;1:17;0:00;1338.0 (-3.7)
2;4/01/2017 12:12;102911;1213.4;Standard;2:25;6:15;0:16;1341.7 (+2.3)
3;4/01/2017 12:06;78868;1151.8;Standard;1:26;0:12;0:00;1339.4 (-5.3)
4;4/01/2017 12:06;73288;1317.3;Standard;1:44;0:52;0:15;1344.7 (+3.2)
5;4/01/2017 12:05;115765;1306.5;Standard;1:40;0:33;0:03;1341.5 (+3.2)
6;4/01/2017 12:04;21662;1258.5;Standard;1:17;0:16;0:01;1338.3 (+2.7)
7;4/01/2017 12:04;70933;1098.4;Standard;1:12;0:37;0:01;1335.6 (+1.4)
8;4/01/2017 12:02;78005;1296.8;Standard;2:02;3:50;0:00;1334.1 (-3.9)
9;4/01/2017 11:59;159166;1275.2;Standard;1:52;0:38;0:20;1338.0 (+2.9)
1;4/01/2017 12:52;55374;1137.3;Standard;1:01;0:16;0:02;1358.7 (+1.5)
2;4/01/2017 12:50;18170;1166.6;Standard;1:03;1:57;0:00;1357.2 (-5.3)
3;4/01/2017 12:48;75617;1433.5;Standard;1:14;0:35;0:04;1362.5 (+4.2)
4;4/01/2017 12:47;156689;1137.1;Standard;1:00;0:14;0:04;1358.2 (+1.5)
5;4/01/2017 12:47;74244;1277.6;Standard;3:08;0:39;0:03;1356.7 (+2.7)
6;4/01/2017 12:46;56766;1104.5;Standard;0:44;0:17;0:02;1354.0 (+1.4)
7;4/01/2017 12:46;64653;1191.0;Standard;1:11;0:29;0:01;1352.6 (+2.0)
8;4/01/2017 12:44;57283;1228.9;Standard;1:23;0:28;0:05;1350.6 (+2.3)
9;4/01/2017 12:44;41039;1063.7;Standard;1:13;0:19;0:07;1348.3 (+1.1)
10;4/01/2017 12:43;148293;1404.1;Standard;1:13;0:45;0:02;1347.1 (+4.1)
11;4/01/2017 12:42;121602;1273.9;Standard;1:12;2:22;0:02;1343.0 (+2.8)
12;4/01/2017 12:40;75472;1204.9;Standard;1:33;0:29;0:07;1340.2 (+2.2)
1;4/01/2017 14:20;120986;1379.6;Standard;2:58;0:46;0:00;1350.8 (-3.2)
2;4/01/2017 14:19;106223;1218.2;Standard;2:39;1:55;1:16;1354.1 (-4.8)
3;4/01/2017 14:13;73537;1283.3;Standard;1:55;1:13;0:02;1358.9 (+2.8)
4;4/01/2017 14:11;48419;1173.5;Standard;1:00;0:24;0:00;1356.1 (-5.2)
5;4/01/2017 14:11;79017;1232.7;Standard;1:28;0:22;0:06;1361.3 (+2.3)
6;4/01/2017 14:09;168780;1297.7;Standard;2:19;0:52;0:29;1359.1 (+2.9)
7;4/01/2017 14:09;4419;1197.2;Standard;1:43;1:57;0:00;1356.1 (+2.0)
8;4/01/2017 14:06;63498;1284.1;Standard;1:03;0:11;0:00;1354.1 (-4.2)
9;4/01/2017 14:06;111324;1087.0;Standard;1:47;0:41;0:20;1358.3 (+1.2)
10;4/01/2017 14:05;71417;1004.7;Standard;1:19;0:47;0:08;1357.1 (+0.8)
11;4/01/2017 14:04;62315;1165.0;Standard;0:59;0:31;0:00;1356.3 (-5.3)
12;4/01/2017 14:04;47210;1278.2;Standard;0:56;0:15;0:00;1361.6 (+2.7)
13;4/01/2017 14:03;88710;1316.5;Standard;2:01;0:32;0:05;1358.9 (+3.1)
14;4/01/2017 14:03;78222;1059.6;Standard;1:23;0:22;0:02;1355.8 (+1.1)
15;4/01/2017 14:02;169777;1306.0;Standard;1:52;0:26;0:00;1354.7 (-4.0)
1;4/01/2017 15:52;50391;1379.2;Standard;0:57;0:15;0:01;1349.7 (+3.8)
2;4/01/2017 15:52;48312;1200.8;Standard;1:23;2:18;0:02;1345.9 (+2.1)
3;4/01/2017 15:49;176828;1283.0;Standard;1:20;0:45;0:13;1343.8 (+2.9)
4;4/01/2017 15:48;43667;1111.3;Standard;1:12;0:21;0:00;1340.9 (-5.6)
5;4/01/2017 15:48;94860;1132.2;Standard;1:09;1:47;0:02;1346.4 (+1.6)
6;4/01/2017 15:46;175824;1266.5;Standard;1:05;0:56;0:00;1344.9 (-4.3)
7;4/01/2017 15:44;164997;1259.6;Standard;1:29;2:10;0:09;1349.2 (-4.4)
8;4/01/2017 15:42;53873;1236.1;Standard;1:26;0:27;0:00;1353.6 (+2.4)
9;4/01/2017 15:41;23812;1163.7;Standard;0:40;0:20;0:00;1351.2 (+1.8)
10;4/01/2017 15:41;149362;1308.9;Standard;1:50;0:12;0:00;1349.4 (-3.9)
11;4/01/2017 15:40;5440;1249.4;Standard;0:48;0:38;0:00;1353.3 (+2.5)
1;4/01/2017 17:29;57453;1295.0;Standard;1:31;1:28;0:07;1376.5 (+2.7)
2;4/01/2017 17:27;106256;1225.9;Standard;1:00;0:26;0:00;1373.8 (+2.1)
3;4/01/2017 17:27;79370;1290.8;Standard;2:51;1:46;0:12;1371.7 (+2.7)
4;4/01/2017 17:25;93983;1266.4;Standard;1:10;0:55;0:24;1369.0 (+2.5)
5;4/01/2017 17:24;130760;1299.5;Standard;2:35;1:01;0:06;1366.5 (+2.9)
6;4/01/2017 17:21;75383;1258.0;Standard;1:43;3:40;1:41;1363.6 (+2.5)
7;4/01/2017 17:16;102986;1279.7;Standard;1:53;0:24;0:03;1361.2 (-4.3)
8;4/01/2017 17:16;104096;1212.0;Standard;2:08;2:07;0:09;1365.5 (+2.1)
9;4/01/2017 17:14;166402;1294.5;Standard;1:01;0:18;0:03;1363.4 (+2.8)
10;4/01/2017 17:13;62628;1349.7;Standard;1:03;0:24;0:11;1360.6 (+3.4)
11;4/01/2017 17:13;103770;1010.0;Standard;0:52;0:28;0:01;1357.2 (+0.8)
12;4/01/2017 17:12;52783;1197.5;Standard;0:48;0:32;0:11;1356.3 (+2.0)
13;4/01/2017 17:11;45843;1226.5;Standard;1:47;4:22;0:00;1354.3 (-4.8)
14;4/01/2017 17:07;56619;1009.7;Standard;0:45;0:23;0:00;1359.1 (+0.8)
15;4/01/2017 17:06;97763;1279.4;Standard;0:52;0:08;0:00;1358.3 (-4.3)
16;4/01/2017 17:06;99656;1239.6;Standard;0:42;0:20;0:00;1362.6 (+2.3)
17;4/01/2017 17:06;32120;1151.4;Standard;1:30;0:42;0:19;1360.2 (+1.6)
18;4/01/2017 17:05;174515;1265.0;Standard;1:16;0:42;0:19;1358.6 (+2.6)
19;4/01/2017 17:04;162601;1218.1;Standard;1:27;0:43;0:00;1356.0 (-4.9)
20;4/01/2017 17:03;157029;1424.5;Standard;1:49;0:50;0:03;1360.9 (+4.2)
21;4/01/2017 17:02;52858;1205.2;Standard;1:35;0:21;0:01;1356.7 (+2.1)
22;4/01/2017 17:01;71349;1215.1;Standard;1:58;1:18;0:03;1354.6 (+2.2)
23;4/01/2017 17:00;177225;1269.0;Standard;2:03;3:19;0:08;1352.4 (+2.7)
1;5/01/2017 17:36;161750;1179.8;Standard;1:23;0:19;0:00;1375.6 (-5.3)
2;5/01/2017 17:35;63803;1624.2;Standard;4:52;1:47;1:27;1381.0 (-1.4)
3;5/01/2017 17:33;77382;1284.8;Standard;3:25;7:47;0:30;1382.4 (+2.6)
4;5/01/2017 17:25;40538;1329.2;Standard;0:59;0:46;0:00;1379.8 (-4.0)
5;5/01/2017 17:24;32362;1183.2;Standard;0:42;0:58;0:00;1383.8 (-5.4)
6;5/01/2017 17:23;170930;1356.4;Standard;2:36;0:27;0:03;1389.2 (+3.2)
7;5/01/2017 17:22;57547;1349.1;Standard;0:43;0:10;0:00;1386.0 (-3.9)
8;5/01/2017 17:21;76889;1219.3;Standard;1:34;0:36;0:13;1389.9 (-5.1)
9;5/01/2017 17:21;104754;1204.5;Standard;1:50;0:11;0:06;1395.0 (+1.8)
10;5/01/2017 17:20;6763;1185.1;Standard;0:53;0:53;0:00;1393.3 (-5.4)
11;5/01/2017 17:19;173827;1266.3;Standard;1:24;0:54;0:16;1398.7 (+2.2)
12;5/01/2017 17:18;96040;1338.5;Standard;1:29;0:42;0:15;1396.4 (+2.9)
13;5/01/2017 17:17;150220;1208.2;Standard;4:47;0:29;0:12;1393.5 (+1.8)
14;5/01/2017 17:16;78287;1215.4;Standard;1:08;0:57;0:01;1391.7 (+1.9)
15;5/01/2017 17:15;52300;1299.0;Standard;2:11;0:57;0:31;1389.8 (+2.6)
16;5/01/2017 17:14;55784;1248.9;Standard;1:37;0:43;0:01;1387.2 (+2.2)
17;5/01/2017 17:14;172204;1287.5;Standard;1:42;1:13;0:53;1385.0 (+2.6)
18;5/01/2017 17:12;54746;1052.1;Standard;0:40;0:18;0:02;1382.4 (+0.9)
19;5/01/2017 17:12;100126;1172.8;Standard;1:25;1:20;0:00;1381.5 (+1.7)
20;5/01/2017 17:11;58878;1332.2;Standard;2:09;0:40;0:05;1379.8 (+3.3)
1;15/01/2017 16:24;52532;1338.7;Standard;1:59;1:06;0:02;1376.4 (+3.7)
2;15/01/2017 16:23;177759;1281.5;Standard;0:48;0:18;0:00;1372.7 (-5.5)
3;15/01/2017 16:23;92886;1341.3;Standard;2:22;1:40;0:44;1378.2 (+4.1)
4;15/01/2017 16:21;74867;1316.2;Standard;1:27;0:50;0:27;1374.1 (-5.5)
5;15/01/2017 16:19;167422;1341.8;Standard;2:23;0:45;0:00;1379.6 (-5.5)
6;15/01/2017 16:19;49436;1295.0;Standard;1:42;0:25;0:00;1385.1 (+3.8)
7;15/01/2017 16:18;149356;1164.0;Standard;1:24;0:28;0:03;1381.3 (+2.4)
8;15/01/2017 16:17;166034;1335.5;Standard;4:03;1:56;0:00;1378.9 (-6.3)
9;15/01/2017 16:15;18981;1263.3;Standard;0:49;0:19;0:01;1385.2 (+3.9)
10;15/01/2017 16:14;59944;1298.5;Standard;1:43;1:43;0:13;1381.3 (-7.5)
11;15/01/2017 16:12;32233;1451.0;Standard;1:10;0:31;0:00;1388.8 (-5.2)
12;15/01/2017 16:11;56331;1265.8;Standard;1:21;0:41;0:00;1393.9 (+4.2)
13;15/01/2017 16:09;155585;1397.5;Standard;1:28;0:19;0:00;1389.7 (-6.7)
14;15/01/2017 16:09;177986;1358.1;Standard;2:32;0:54;0:02;1396.4 (+6.3)
15;15/01/2017 16:08;167900;1259.9;Standard;1:14;0:42;0:13;1390.1 (+4.8)
16;15/01/2017 16:06;177420;1475.9;Standard;1:21;0:30;0:02;1385.3 (+9.7)
1;15/01/2017 21:59;54001;1360.8;Standard;2:58;2:44;0:00;1371.1 (-3.6)
2;15/01/2017 21:56;152611;1263.2;Standard;0:58;0:12;0:01;1374.7 (+2.4)
3;15/01/2017 21:55;180933;1405.1;Standard;1:33;0:44;0:00;1372.3 (-3.2)
4;15/01/2017 21:54;171450;1491.3;Standard;1:45;1:12;0:03;1375.5 (+4.7)
5;15/01/2017 21:53;126789;1221.9;Standard;1:26;0:30;0:03;1370.8 (+2.1)
6;15/01/2017 21:52;47655;1502.3;Standard;2:13;1:08;0:08;1368.7 (+4.8)
7;15/01/2017 21:51;4425;1275.2;Standard;1:06;0:24;0:07;1363.9 (+2.6)
8;15/01/2017 21:50;160057;1242.8;Standard;3:24;2:51;0:00;1361.3 (-4.7)
9;15/01/2017 21:47;63624;1310.0;Standard;1:26;1:56;0:00;1365.9 (-4.1)
10;15/01/2017 21:44;139884;1428.7;Standard;2:28;1:15;0:02;1370.0 (+4.1)
11;15/01/2017 21:43;144650;1194.4;Standard;2:16;1:17;0:41;1365.9 (+1.9)
12;15/01/2017 21:41;71089;1404.0;Standard;0:54;0:15;0:01;1364.0 (-3.1)
13;15/01/2017 21:41;64811;1339.5;Standard;1:29;1:35;0:00;1367.1 (-3.8)
14;15/01/2017 21:39;103367;1325.6;Standard;1:53;0:32;0:00;1370.9 (-4.0)
15;15/01/2017 21:38;120738;1363.4;Standard;2:40;1:16;0:27;1374.9 (+3.4)
16;15/01/2017 21:37;97570;1292.9;Standard;2:41;1:54;0:25;1371.5 (-4.5)
17;15/01/2017 21:31;32443;1261.4;Standard;1:02;1:42;0:01;1376.0 (+2.6)
18;15/01/2017 21:30;71605;1221.4;Standard;1:16;0:36;0:00;1373.4 (-5.6)
19;15/01/2017 21:29;77726;1238.9;Standard;2:14;1:01;0:30;1379.0 (+2.6)
1;16/01/2017 13:51;79249;1229.2;Standard;0:52;0:17;0:00;1391.1 (+2.0)
2;16/01/2017 13:51;163534;1240.3;Standard;1:34;0:22;0:04;1389.1 (+2.1)
3;16/01/2017 13:50;156601;1311.4;Standard;1:31;0:29;0:06;1387.0 (+2.8)
4;16/01/2017 13:49;54052;1151.5;Standard;0:51;1:53;0:04;1384.2 (+1.5)
5;16/01/2017 13:48;31474;1277.9;Standard;1:46;11:32;0:02;1382.8 (+2.5)
6;16/01/2017 13:34;65343;1384.4;Standard;2:32;1:02;0:13;1380.3 (+3.6)
7;16/01/2017 13:33;109727;1601.0;Standard;3:00;0:52;0:20;1376.7 (-1.5)
8;16/01/2017 13:32;171100;1185.9;Standard;2:24;1:43;0:13;1378.2 (+1.8)
9;16/01/2017 13:30;53049;996.1;Standard;0:44;0:16;0:01;1376.5 (+0.7)
10;16/01/2017 13:29;45697;1513.6;Standard;1:48;0:10;0:00;1375.8 (+4.9)
11;16/01/2017 13:29;104460;1224.1;Standard;1:07;0:29;0:00;1370.9 (-4.9)
12;16/01/2017 13:27;40376;1197.8;Standard;0:49;0:06;0:00;1375.9 (+1.9)
13;16/01/2017 13:27;96805;1303.0;Standard;1:15;0:26;0:00;1374.0 (+2.9)
1;16/01/2017 17:57;62966;1232.7;Standard;1:29;2:45;0:01;1384.0 (+2.1)
2;16/01/2017 17:53;91661;1267.5;Standard;2:37;1:41;0:00;1381.9 (-4.6)
3;16/01/2017 17:51;170802;1341.6;Standard;1:51;1:21;0:00;1386.6 (-4.0)
4;16/01/2017 17:49;75685;1275.7;Standard;1:50;1:28;0:04;1390.6 (+2.4)
5;16/01/2017 17:48;87760;1102.1;Standard;0:45;0:11;0:01;1388.2 (+1.1)
6;16/01/2017 17:47;260;1201.7;Standard;1:23;0:26;0:00;1387.0 (+1.8)
7;16/01/2017 17:47;165499;1333.2;Standard;1:55;0:35;0:01;1385.2 (+3.0)
8;16/01/2017 17:46;53889;1347.1;Standard;1:07;0:46;0:00;1382.2 (-3.9)
9;16/01/2017 17:45;149676;1195.3;Standard;0:51;0:13;0:00;1386.1 (-5.3)
10;16/01/2017 17:45;144849;1314.9;Standard;3:14;5:58;0:00;1391.4 (-4.3)
11;16/01/2017 17:36;178099;1237.0;Standard;3:38;0:51;0:00;1395.7 (-5.0)
12;16/01/2017 17:35;43767;1211.9;Standard;1:13;0:11;0:00;1400.7 (+1.8)
13;16/01/2017 17:35;175740;1131.9;Standard;1:30;0:24;0:03;1398.9 (+1.2)
14;16/01/2017 17:34;179435;1239.0;Standard;1:42;0:30;0:05;1397.6 (+2.0)
15;16/01/2017 17:34;48017;1151.5;Standard;1:29;1:02;0:03;1395.6 (+1.4)
16;16/01/2017 17:33;90300;1259.3;Standard;0:37;0:13;0:01;1394.2 (+2.2)
17;16/01/2017 17:32;101201;1217.2;Standard;1:34;0:27;0:05;1392.0 (+1.9)
18;16/01/2017 17:32;45739;1155.1;Standard;1:07;0:20;0:02;1390.1 (+1.4)
19;16/01/2017 17:31;73590;1152.4;Standard;1:07;0:19;0:01;1388.7 (+1.4)
20;16/01/2017 17:30;91615;1427.9;Standard;1:54;0:51;0:00;1387.2 (-3.1)
21;16/01/2017 17:29;162860;1263.3;Standard;1:07;0:19;0:03;1390.3 (+2.3)
22;16/01/2017 17:28;163556;1355.6;Standard;2:53;2:31;0:03;1388.1 (+3.2)
23;16/01/2017 17:25;74865;1382.5;Standard;1:24;0:13;0:00;1384.9 (-3.5)
24;16/01/2017 17:25;111964;1472.0;Standard;1:26;0:41;0:11;1388.4 (-2.7)
1;16/01/2017 19:18;62646;1084.7;Standard;1:22;0:37;0:02;1385.9 (+1.1)
2;16/01/2017 19:18;171130;1400.8;Standard;2:49;2:08;1:52;1384.9 (+3.7)
3;16/01/2017 19:15;72839;1357.1;Standard;1:00;0:37;0:00;1381.2 (-3.8)
4;16/01/2017 19:14;165054;1231.6;Standard;1:42;1:33;0:06;1385.0 (+2.1)
5;16/01/2017 19:12;101515;1241.8;Standard;1:11;0:30;0:00;1382.9 (-4.9)
6;16/01/2017 19:12;98300;1440.3;Standard;4:10;5:49;5:39;1387.8 (+4.1)
7;16/01/2017 19:05;130419;1314.7;Standard;2:45;3:32;0:59;1383.7 (+2.8)
8;16/01/2017 19:01;176365;1543.8;Standard;4:59;1:34;0:02;1380.9 (+5.1)
9;16/01/2017 18:59;98281;1372.7;Standard;1:08;0:20;0:10;1375.8 (-3.6)
10;16/01/2017 18:59;88686;1425.7;Standard;1:05;0:29;0:02;1379.4 (+4.0)
11;16/01/2017 18:58;94723;1362.1;Standard;1:47;1:35;0:19;1375.4 (-3.7)
12;16/01/2017 18:56;93001;1284.8;Standard;1:03;0:50;0:04;1379.1 (+2.6)
13;16/01/2017 18:55;9561;1278.1;Standard;1:38;3:04;0:00;1376.5 (-4.5)
14;16/01/2017 18:52;168516;1221.5;Standard;2:21;1:31;0:03;1381.0 (+2.0)
15;16/01/2017 18:50;60487;1149.8;Standard;0:56;0:37;0:27;1379.0 (-5.6)
16;16/01/2017 18:49;59164;1344.4;Standard;1:14;0:33;0:11;1384.5 (+3.1)
17;16/01/2017 18:48;171359;1473.0;Standard;4:49;2:03;0:00;1381.4 (-2.6)
51;17/01/2017 13:58;72911;1416.4;Standard;2:09;12:56;0:04;1389.2 (+3.8)
52;17/01/2017 13:45;29729;1376.6;Standard;1:28;1:00;0:00;1385.4 (-3.6)
53;17/01/2017 13:44;177163;1449.1;Standard;2:16;12:02;0:00;1389.0 (-2.9)
54;17/01/2017 13:32;165947;1347.1;Standard;1:46;0:43;0:02;1391.9 (+3.2)
55;16/01/2017 22:21;64213;1317.8;Standard;0:41;0:13;0:01;1388.7 (+2.8)
1;18/01/2017 18:44;50757;1359.4;Standard;1:34;1:19;0:17;1400.7 (+3.1)
2;18/01/2017 11:43;57530;1204.1;Standard;0:39;0:25;0:00;1397.6 (-5.3)
3;18/01/2017 10:49;77621;1204.1;Standard;2:03;38:57:00;36:44:00;1402.9 (+1.7)
4;18/01/2017 10:10;77361;1286.7;Standard;1:11;2:20;0:14;1401.2 (+2.4)
5;18/01/2017 10:08;100097;1378.0;Standard;2:58;1:18;1:00;1398.8 (+3.3)
6;18/01/2017 10:06;166420;1050.2;Standard;2:17;1:08;0:00;1395.5 (-6.2)
7;18/01/2017 10:05;159259;1261.8;Standard;1:26;0:37;0:02;1401.7 (+2.2)
8;18/01/2017 9:52;76509;1382.4;Standard;1:54;1:01;0:15;1399.5 (+3.4)
9;18/01/2017 9:51;58008;1173.9;Standard;1:59;3:06;0:12;1396.1 (+1.5)
10;18/01/2017 9:48;94526;1396.9;Standard;1:29;1:36;0:02;1394.6 (+3.5)
11;18/01/2017 9:46;151708;1278.6;Standard;0:53;0:20;0:01;1391.1 (-4.6)
12;18/01/2017 9:46;162411;1349.5;Standard;1:07;0:14;0:00;1395.7 (-4.0)
13;18/01/2017 9:45;156068;1305.3;Standard;1:26;3:37;0:03;1399.7 (+2.6)
14;18/01/2017 9:34;93383;1207.2;Standard;2:19;23:59;0:08;1397.1 (-5.3)
15;17/01/2017 23:55;150323;1261.4;Standard;2:18;0:33;0:02;1402.4 (+2.2)
16;17/01/2017 23:54;54278;1231.7;Standard;1:08;3:37;0:01;1400.2 (+1.9)
17;17/01/2017 23:51;42546;1317.4;Standard;1:17;0:43;0:00;1398.3 (-4.3)
18;17/01/2017 23:50;106584;1348.2;Standard;1:47;5:52;0:02;1402.6 (+3.0)
19;17/01/2017 23:43;165274;1438.5;Standard;1:45;0:39;0:00;1399.6 (-3.1)
20;17/01/2017 23:42;7526;1303.6;Standard;1:04;0:29;0:00;1402.8 (-4.5)
21;17/01/2017 23:42;1425;1369.5;Standard;1:03;0:26;0:00;1407.3 (-3.9)
22;17/01/2017 23:41;171874;1420.6;Standard;3:16;7:32:01;0:32;1411.2 (+3.6)
23;17/01/2017 16:09;28597;1308.7;Standard;1:40;0:45;0:12;1407.6 (+2.5)
24;17/01/2017 16:08;159520;1140.8;Standard;1:16;1:19;0:01;1405.0 (+1.3)
25;17/01/2017 16:07;27918;1122.1;Standard;0:46;0:22;0:03;1403.7 (+1.2)
26;17/01/2017 16:02;60599;1161.2;Standard;0:39;0:27;0:05;1402.6 (+1.4)
27;17/01/2017 15:57;46673;1188.6;Standard;1:01;0:13;0:00;1401.2 (+1.6)
28;17/01/2017 15:57;65161;1262.1;Standard;1:53;2:36;0:14;1399.6 (+2.2)
29;17/01/2017 15:54;161237;1247.3;Standard;0:35;0:18;0:00;1397.4 (-5.0)
30;17/01/2017 15:53;149243;1344.5;Standard;2:04;2:03;0:00;1402.3 (-4.1)
31;17/01/2017 15:50;160911;1160.7;Standard;0:57;0:15;0:01;1406.4 (+1.4)
32;17/01/2017 15:50;156717;1200.3;Standard;1:38;0:52;0:07;1405.1 (+1.7)
33;17/01/2017 15:49;88693;1173.7;Standard;1:35;3:10;0:06;1403.4 (+1.5)
34;17/01/2017 15:46;40058;1271.6;Standard;1:28;0:31;0:10;1401.9 (+2.3)
35;17/01/2017 15:45;157591;1373.2;Standard;3:10;3:25;3:09;1399.7 (+3.3)
36;17/01/2017 15:42;151026;1274.4;Standard;1:14;0:34;0:13;1396.4 (-4.7)
37;17/01/2017 15:41;33227;1481.8;Standard;1:50;1:00;0:02;1401.1 (+4.3)
38;17/01/2017 15:40;166579;1347.4;Standard;2:37;2:42;1:23;1396.8 (+3.0)
39;17/01/2017 15:37;70810;1286.1;Standard;3:35;1:17;0:48;1393.7 (+2.5)
40;17/01/2017 15:35;143421;1406.1;Standard;1:37;1:46;0:18;1391.3 (+3.7)
41;17/01/2017 15:33;139470;1218.4;Standard;1:32;1:17;0:13;1387.6 (+1.9)
42;17/01/2017 15:31;164689;1219.5;Standard;1:53;0:25;0:00;1385.7 (-5.1)
43;17/01/2017 15:30;51410;1324.0;Standard;1:18;0:27;0:06;1390.8 (+2.9)
44;17/01/2017 15:30;61161;1435.4;Standard;2:05;3:08;2:07;1387.9 (-3.0)
45;17/01/2017 15:26;80114;1313.9;Standard;2:32;0:37;0:02;1391.0 (+2.8)
46;17/01/2017 15:26;158275;1177.8;Standard;0:54;0:27;0:02;1388.2 (+1.6)
47;17/01/2017 15:25;3822;1245.4;Standard;0:42;0:25;0:00;1386.6 (-4.9)
48;17/01/2017 14:03;48624;1437.0;Standard;1:47;1:30;0:01;1391.5 (-3.1)
49;17/01/2017 14:02;92916;1257.1;Standard;1:32;0:40;0:01;1394.5 (+2.2)
50;17/01/2017 14:01;103392;1350.9;Standard;2:07;2:46;0:01;1392.3 (+3.1)
1;18/01/2017 19:55;46152;1376.3;Standard;1:29;0:23;0:05;1417.3 (+3.1)
2;18/01/2017 19:55;146137;1213.7;Standard;0:46;0:24;0:02;1414.2 (+1.7)
3;18/01/2017 19:54;76118;1324.3;Standard;2:25;0:54;0:32;1412.5 (+2.6)
4;18/01/2017 19:52;10374;1376.1;Standard;3:13;5:49;0:00;1409.9 (-3.9)
5;18/01/2017 19:46;40103;1381.6;Standard;1:18;1:49;0:01;1413.7 (+3.2)
6;18/01/2017 19:44;28978;1303.5;Standard;0:50;0:18;0:03;1410.5 (+2.5)
7;18/01/2017 19:44;139710;1224.3;Standard;1:48;1:33;0:09;1408.1 (+1.8)
8;18/01/2017 19:42;15710;1254.7;Standard;0:50;0:24;0:01;1406.3 (+2.1)
9;18/01/2017 19:42;158732;1328.4;Standard;1:30;0:25;0:04;1404.2 (+2.8)
10;18/01/2017 19:41;74457;1292.6;Standard;2:13;2:40;0:22;1401.4 (+2.5)
11;18/01/2017 19:38;59622;1138.5;Standard;1:21;0:53;0:10;1398.9 (-5.8)
12;18/01/2017 19:36;48486;1407.7;Standard;1:27;0:38;0:00;1404.7 (+3.6)
13;18/01/2017 19:36;48997;1288.1;Standard;1:36;0:13;0:01;1401.2 (+2.4)
14;18/01/2017 19:35;60918;1168.5;Standard;0:56;1:11;0:01;1398.7 (+1.5)
15;18/01/2017 19:34;163733;1404.8;Standard;1:36;1:00;0:00;1397.3 (-3.4)
1;18/01/2017 21:19;166030;1193.1;Standard;1:52;0:40;0:06;1422.6 (+1.5)
2;18/01/2017 21:18;18321;1226.2;Standard;1:06;0:38;0:27;1421.1 (+1.7)
3;18/01/2017 21:17;146902;1384.7;Standard;1:46;1:04;0:00;1419.4 (-3.9)
4;18/01/2017 21:16;173203;1229.1;Standard;0:47;0:20;0:00;1423.3 (+1.7)
5;18/01/2017 21:14;95359;1347.6;Standard;0:40;0:18;0:00;1421.5 (+2.8)
6;18/01/2017 21:14;144303;1268.7;Standard;1:32;0:33;0:01;1418.7 (+2.1)
7;18/01/2017 21:13;98487;1423.7;Standard;2:32;0:15;0:00;1416.7 (-3.5)
8;18/01/2017 21:12;170641;1440.4;Standard;1:50;0:53;0:00;1420.1 (-3.3)
9;18/01/2017 21:11;73224;1269.6;Standard;1:31;2:34;0:04;1423.4 (+2.1)
10;18/01/2017 21:08;94207;1166.2;Standard;0:43;0:21;0:03;1421.4 (+1.3)
11;18/01/2017 21:08;79118;1338.6;Standard;1:34;1:12;0:14;1420.0 (+2.7)
1;18/01/2017 22:24;63692;1179.3;Standard;1:10;0:28;0:07;1423.6 (+1.4)
2;18/01/2017 22:23;158309;1316.3;Standard;1:29;1:32;1:19;1422.3 (+2.5)
3;18/01/2017 22:21;46096;1344.5;Standard;1:04;0:56;0:00;1419.8 (-4.3)
4;18/01/2017 22:19;45167;1464.9;Standard;1:47;0:45;0:00;1424.0 (-3.1)
5;18/01/2017 22:18;154281;1137.8;Standard;0:58;0:39;0:00;1427.2 (-5.9)
6;18/01/2017 22:17;32609;1395.4;Standard;1:38;0:35;0:01;1433.1 (+3.1)
7;18/01/2017 22:16;172847;1191.7;Standard;1:55;0:58;0:26;1429.9 (-5.6)
8;18/01/2017 22:14;177068;1468.2;Standard;2:13;1:15;0:00;1435.6 (-3.2)
9;18/01/2017 22:13;96796;1147.5;Standard;1:12;0:17;0:01;1438.7 (+1.1)
10;18/01/2017 22:12;75160;1207.2;Standard;1:38;0:38;0:19;1437.6 (+1.5)
11;18/01/2017 22:11;106217;1145.2;Standard;1:27;0:33;0:01;1436.2 (+1.1)
12;18/01/2017 22:11;151459;1375.4;Standard;1:24;0:17;0:01;1435.0 (+2.9)
13;18/01/2017 22:10;8849;1361.8;Standard;1:31;0:47;0:01;1432.1 (+2.8)
14;18/01/2017 22:09;75146;1399.4;Standard;1:21;5:42;0:00;1429.3 (-3.8)
15;18/01/2017 22:03;165012;1327.9;Standard;0:40;0:36;0:00;1433.1 (+2.5)
16;18/01/2017 22:03;150824;1301.0;Standard;1:56;1:19;0:51;1430.6 (+2.3)
17;18/01/2017 22:01;56025;1048.8;Standard;0:40;3:00;0:00;1428.4 (+0.7)
18;18/01/2017 21:58;8236;1209.2;Standard;1:24;4:41;0:01;1427.6 (+1.6)
19;18/01/2017 21:53;53045;1385.8;Standard;1:30;0:43;0:07;1426.1 (+3.1)
20;18/01/2017 21:52;63655;1351.5;Standard;1:39;1:47;0:03;1423.0 (+2.8)
21;18/01/2017 21:50;44424;1238.1;Standard;1:21;1:11;0:01;1420.2 (+1.8)
22;18/01/2017 21:47;44477;1436.9;Standard;1:44;0:26;0:00;1418.3 (-3.3)
23;18/01/2017 21:46;76229;1201.7;Standard;1:02;0:32;0:02;1421.7 (+1.6)
24;18/01/2017 21:45;167095;1244.2;Standard;1:50;0:34;0:00;1420.1 (-5.2)
25;18/01/2017 21:45;61835;1255.6;Standard;1:29;0:32;0:02;1425.3 (+1.9)
26;18/01/2017 21:44;162060;1227.3;Standard;0:48;0:16;0:00;1423.3 (+1.7)
27;18/01/2017 21:43;65238;1288.5;Standard;0:56;1:05;0:01;1421.6 (+2.2)
28;18/01/2017 21:41;162631;1339.7;Standard;3:10;1:03;0:00;1419.4 (-4.3)
29;18/01/2017 21:40;89982;1125.8;Standard;1:05;0:31;0:01;1423.7 (+1.1)
1;20/01/2017 17:05;16206;1295.6;Standard;2:41;3:23;0:11;1412.4 (+2.4)
2;20/01/2017 17:02;95097;1288.1;Standard;1:39;0:58;0:02;1410.0 (+2.3)
3;20/01/2017 17:01;59441;1370.2;Standard;1:48;1:21;0:01;1407.6 (+3.2)
4;20/01/2017 16:59;150813;1339.5;Standard;1:54;1:33;0:22;1404.4 (+3.1)
5;19/01/2017 20:30;33240;1168.8;Standard;0:57;2:39;0:01;1401.4 (+1.5)
6;19/01/2017 20:27;50738;1507.7;Standard;1:54;0:14;0:02;1399.9 (-2.5)
7;19/01/2017 20:27;80336;1356.3;Standard;1:52;1:58;0:04;1402.4 (+3.1)
8;19/01/2017 20:25;62728;1339.0;Standard;0:39;0:16;0:00;1399.3 (-4.1)
9;19/01/2017 20:24;64894;1238.3;Standard;1:29;0:25;0:07;1403.4 (+2.0)
10;19/01/2017 20:24;154979;1486.9;Standard;1:24;0:41;0:14;1401.5 (+4.4)
11;19/01/2017 20:23;166496;1397.3;Standard;1:42;3:02;0:00;1397.1 (-3.5)
12;19/01/2017 20:20;130973;1311.2;Standard;1:32;0:25;0:00;1400.6 (-4.4)
13;19/01/2017 15:03;960980;1318.2;Standard;4:16;1:03:46;0:05;1405.0 (+2.6)
14;19/01/2017 13:59;144019;1312.2;Standard;3:21;2:15;0:08;1402.4 (+2.6)
15;19/01/2017 13:57;40570;1295.8;Standard;0:49;0:16;0:00;1399.8 (-4.5)
16;19/01/2017 13:55;76886;1200.9;Standard;2:15;9:45;0:00;1404.4 (-5.4)
17;19/01/2017 13:45;18112;1243.5;Standard;0:43;0:31;0:00;1409.7 (-5.1)
18;19/01/2017 13:43;72701;1371.0;Standard;3:08;2:49;0:00;1414.8 (-4.0)
19;19/01/2017 13:39;32572;1301.8;Standard;2:03;3:13;0:06;1418.8 (-4.8)
1;22/01/2017 23:53;48697;1447.4;Standard;1:04;0:40;0:01;1433.1 (+3.7)
2;22/01/2017 23:52;40021;1287.9;Standard;0:42;0:28;0:06;1429.4 (+2.2)
3;22/01/2017 23:52;141737;1193.4;Standard;0:50;0:28;0:00;1427.3 (-5.6)
4;22/01/2017 23:50;79325;1330.5;Standard;1:19;2:24;0:06;1432.9 (+2.5)
5;22/01/2017 23:46;165221;1292.7;Standard;2:07;0:17;0:02;1430.3 (+2.2)
6;22/01/2017 23:44;177049;1363.9;Standard;2:42;1:22;0:03;1428.1 (+2.9)
7;22/01/2017 23:43;94395;1244.9;Standard;1:34;0:49;0:15;1425.3 (+1.8)
8;22/01/2017 23:41;105703;1460.7;Standard;2:54;0:45;0:09;1423.4 (-3.1)
9;22/01/2017 23:40;76029;1416.9;Standard;1:46;0:42;0:10;1426.6 (+3.4)
10;22/01/2017 23:39;178074;1261.7;Standard;1:55;3:39;2:47;1423.1 (+2.0)
11;22/01/2017 23:35;49123;1463.1;Standard;3:41;1:12;0:30;1421.1 (-3.1)
12;22/01/2017 23:34;64983;1285.3;Standard;0:41;0:25;0:01;1424.2 (+2.2)
13;22/01/2017 23:31;161342;1338.1;Standard;2:38;3:00;0:11;1422.1 (+2.7)
14;22/01/2017 23:28;169909;1433.2;Standard;2:03;0:53;0:01;1419.3 (+3.9)
15;22/01/2017 23:27;39891;1378.2;Standard;2:03;0:37;0:15;1415.5 (+3.5)
16;22/01/2017 23:26;45762;1338.3;Standard;2:22;2:40;0:08;1412.0 (+3.2)
17;22/01/2017 23:23;128406;1329.5;Standard;1:44;2:29;1:58;1408.8 (-5.1)
18;22/01/2017 23:21;57892;1154.6;Standard;0:37;0:32;0:00;1414.0 (+1.6)
1;23/01/2017 0:06;165355;1495.3;Standard;2:58;1:04;0:26;1431.0 (+4.2)
2;23/01/2017 0:05;11983;1339.4;Standard;0:59;0:32;0:00;1426.8 (+2.7)
3;23/01/2017 0:04;89544;1361.3;Standard;1:47;1:59;0:00;1424.1 (-4.2)
4;23/01/2017 0:02;165696;1293.5;Standard;1:01;0:16;0:01;1428.3 (-4.8)
1;23/01/2017 8:05;77946;1375.8;Standard;1:33;1:08;0:42;1431.3 (+3.0)
2;23/01/2017 8:04;75021;1444.6;Standard;2:25;2:03;1:09;1428.3 (-3.4)
3;23/01/2017 8:01;43951;1144.1;Standard;0:45;0:09;0:00;1431.7 (+1.1)
4;23/01/2017 8:01;8944;1303.9;Standard;1:01;0:58;0:01;1430.5 (+2.3)
5;23/01/2017 8:00;172282;1362.1;Standard;0:58;0:21;0:00;1428.3 (-4.2)
6;23/01/2017 7:59;164603;1202.8;Standard;2:01;0:57;0:08;1432.4 (+1.5)
51;23/01/2017 8:05;77946;1375.8;Standard;1:33;1:08;0:42;1431.3 (+3.0)
52;23/01/2017 8:04;75021;1444.6;Standard;2:25;2:03;1:09;1428.3 (-3.4)
53;23/01/2017 8:01;43951;1144.1;Standard;0:45;0:09;0:00;1431.7 (+1.1)
54;23/01/2017 8:01;8944;1303.9;Standard;1:01;0:58;0:01;1430.5 (+2.3)
55;23/01/2017 8:00;172282;1362.1;Standard;0:57;0:21;0:00;1428.3 (-4.2)
56;23/01/2017 7:59;164603;1202.8;Standard;2:01;0:57;0:08;1432.4 (+1.5)
1;26/01/2017 17:05;93561;1382.8;Standard;3:05;1:24;0:37;1439.2 (+3.0)
2;26/01/2017 17:03;52557;1324.2;Standard;0:46;0:32;0:08;1436.3 (+2.4)
3;26/01/2017 17:02;153946;1366.5;Standard;1:56;1:03;0:04;1433.8 (+2.8)
4;26/01/2017 17:01;177988;1443.9;Standard;1:27;0:36;0:09;1431.0 (+3.7)
5;26/01/2017 17:01;167796;1452.2;Standard;2:53;3:50;0:00;1427.3 (-3.3)
6;26/01/2017 16:57;8465;1169.0;Standard;0:57;0:29;0:04;1430.6 (+1.3)
7;26/01/2017 16:56;90747;1357.1;Standard;2:25;9:10;0:16;1429.3 (+2.8)
8;26/01/2017 16:47;44775;1273.7;Standard;0:51;0:40;0:00;1426.5 (-5.0)
9;26/01/2017 16:46;77992;1358.3;Standard;1:53;1:26;0:00;1431.5 (-4.3)
10;26/01/2017 16:44;172250;1241.0;Standard;0:53;0:20;0:00;1435.7 (-5.3)
11;26/01/2017 16:44;152742;1273.2;Standard;1:01;0:15;0:01;1441.1 (+2.0)
12;26/01/2017 16:44;57232;1228.4;Standard;0:56;1:11;0:03;1439.0 (+1.7)
13;25/01/2017 18:00;164267;1420.2;Standard;3:12;1:20;0:05;1437.3 (+3.3)
14;25/01/2017 17:58;102534;1413.8;Standard;1:47;1:13;0:09;1434.0 (+3.3)
15;25/01/2017 17:57;164802;1394.6;Standard;2:08;0:45;0:22;1430.6 (+3.2)
16;25/01/2017 17:56;79428;1353.5;Standard;2:01;5:28;0:00;1427.5 (-4.3)
17;25/01/2017 17:50;75849;1391.0;Standard;0:46;0:13;0:02;1431.7 (-3.9)
18;25/01/2017 17:50;158404;1424.8;Standard;3:12;2:03;0:20;1435.7 (-3.6)
19;25/01/2017 17:48;105580;1352.2;Standard;2:50;1:35;0:55;1439.3 (+2.7)
20;25/01/2017 17:46;27776;1290.1;Standard;2:01;3:56;0:00;1436.6 (-4.9)
21;25/01/2017 17:42;93334;1448.3;Standard;1:53;0:47;0:28;1441.6 (+3.6)
22;25/01/2017 17:41;78203;1319.5;Standard;2:01;8:17;0:15;1438.0 (-4.7)
23;25/01/2017 17:32;8461;1376.8;Standard;1:17;0:48;0:38;1442.7 (+2.9)
24;25/01/2017 17:32;40624;1351.7;Standard;1:30;2:46;0:02;1439.8 (+2.6)
25;25/01/2017 17:28;154087;1456.9;Standard;3:33;1:48;0:00;1437.1 (-3.3)
26;25/01/2017 17:26;88072;1351.3;Standard;3:33;1:41;0:00;1440.5 (-4.4)
27;25/01/2017 17:24;89660;1283.2;Standard;1:58;0:29;0:03;1444.9 (+2.1)
28;25/01/2017 17:11;48963;1371.8;Standard;1:56;1:04;0:02;1442.8 (+3.1)
29;25/01/2017 17:10;19208;1403.8;Standard;1:59;6:18;0:02;1439.7 (+3.6)
30;24/01/2017 8:22;35004;1366.3;Standard;1:51;2:46;0:36;1436.2 (-4.2)
31;24/01/2017 8:19;162786;1372.7;Standard;3:15;1:06;0:10;1440.4 (+2.8)
32;24/01/2017 8:18;173461;1266.9;Standard;1:22;0:54;0:01;1437.5 (+1.9)
33;24/01/2017 8:17;79549;1042.7;Standard;0:28;0:51;0:00;1435.6 (+0.7)
34;24/01/2017 8:16;167404;1434.8;Standard;2:04;1:03;0:00;1435.0 (-3.5)
35;24/01/2017 8:15;140992;1600.6;Standard;1:29;0:31;0:02;1438.5 (+5.1)
36;24/01/2017 8:14;165858;1320.1;Standard;0:57;1:38;0:02;1433.4 (+2.4)
37;24/01/2017 8:12;106145;1258.5;Standard;1:26;0:40;0:16;1431.0 (-5.1)
38;24/01/2017 8:11;56714;1416.4;Standard;4:25;15:10:39;0:04;1436.1 (+3.5)
39;23/01/2017 16:59;74809;1201.7;Standard;1:04;2:09;1:01;1432.7 (-5.6)
40;23/01/2017 16:57;149569;1350.1;Standard;3:18;3:18;0:02;1438.3 (+2.6)
41;23/01/2017 16:52;98348;1384.0;Standard;1:09;0:16;0:00;1435.6 (-4.0)
42;23/01/2017 16:51;159588;1437.8;Standard;2:14;0:46;0:00;1439.7 (-3.5)
43;23/01/2017 16:51;53163;1488.9;Standard;1:14;0:17;0:01;1443.2 (+4.0)
44;23/01/2017 16:50;139917;1172.2;Standard;1:50;1:40;0:03;1439.2 (+1.2)
45;23/01/2017 16:48;174526;1300.1;Standard;1:31;0:33;0:02;1438.0 (+2.2)
46;23/01/2017 16:48;56313;1385.2;Standard;2:06;5:42;0:00;1435.8 (-4.0)
47;23/01/2017 16:42;32488;1333.9;Standard;1:04;1:38;0:01;1439.8 (+2.5)
48;23/01/2017 16:40;33510;1318.7;Standard;2:09;0:24;0:01;1437.3 (+2.4)
49;23/01/2017 16:40;64241;1292.2;Standard;1:54;2:12;0:01;1435.0 (+2.2)
50;23/01/2017 16:37;50821;1206.9;Standard;0:37;0:21;0:00;1432.8 (+1.5)
1;26/01/2017 18:04;31581;1197.2;Standard;1:06;0:21;0:02;1449.2 (+1.3)
2;26/01/2017 18:04;63641;1150.0;Standard;0:50;0:13;0:01;1447.8 (+1.1)
3;26/01/2017 18:04;62258;1218.6;Standard;0:48;0:37;0:03;1446.8 (+1.5)
4;26/01/2017 18:03;98282;1462.3;Standard;1:28;0:23;0:00;1445.3 (-3.4)
5;26/01/2017 18:02;54333;1270.8;Standard;1:23;3:56;0:02;1448.6 (+1.9)
6;26/01/2017 17:58;171241;1389.1;Standard;1:48;0:30;0:03;1446.8 (+2.9)
7;26/01/2017 17:58;103752;1392.9;Standard;3:04;0:37;0:03;1443.8 (+3.0)
8;26/01/2017 17:57;51150;1086.6;Standard;1:04;0:59;0:00;1440.8 (+0.8)
9;26/01/2017 17:55;148254;1317.7;Standard;1:44;3:21;0:04;1440.0 (+2.3)
10;26/01/2017 17:52;74480;1394.0;Standard;1:28;2:20;0:00;1437.7 (-4.0)
11;26/01/2017 17:49;177763;1319.1;Standard;2:30;2:06;0:03;1441.6 (+2.3)
12;26/01/2017 17:47;63084;1439.5;Standard;1:23;1:34;1:01;1439.3 (+3.5)
13;26/01/2017 17:45;51894;1180.6;Standard;0:32;0:16;0:01;1435.8 (+1.3)
14;26/01/2017 17:45;71174;1307.0;Standard;1:08;0:35;0:16;1434.5 (-4.8)
51;27/01/2017 12:07;149789;1311.1;Standard;2:27;2:53;0:43;1442.5 (+2.3)
52;27/01/2017 12:03;45717;1465.7;Standard;2:58;2:53;0:00;1440.3 (-3.3)
53;27/01/2017 12:00;58196;1312.7;Standard;2:44;0:29;0:00;1443.6 (-4.8)
54;27/01/2017 11:59;174764;1432.7;Standard;2:44;1:05;0:02;1448.3 (+3.4)
55;27/01/2017 11:58;71908;1394.6;Standard;1:21;3:24;0:00;1444.9 (-4.2)
1;27/01/2017 17:00;103452;1266.0;Standard;1:31;2:18;0:05;1436.8 (-5.1)
2;27/01/2017 16:58;74540;1207.3;Standard;0:47;0:08;0:03;1441.9 (+1.5)
3;27/01/2017 16:58;112262;1545.0;Standard;1:30;0:50;0:02;1440.5 (+4.6)
4;27/01/2017 16:57;57427;1150.2;Standard;1:04;1:08;0:00;1435.9 (-5.9)
5;27/01/2017 16:56;99099;1349.2;Standard;1:14;26:18:00;0:07;1441.8 (+2.6)
6;27/01/2017 16:25;157003;1333.6;Standard;2:38;1:03;0:15;1439.2 (+2.5)
7;27/01/2017 16:23;80500;1289.1;Standard;1:56;1:02;0:00;1436.7 (-4.9)
8;27/01/2017 16:22;105401;1433.5;Standard;1:39;0:36;0:05;1441.7 (+3.4)
9;27/01/2017 16:22;159436;1264.9;Standard;2:16;0:51;0:19;1438.2 (+1.9)
10;27/01/2017 16:20;32745;1426.7;Standard;1:25;1:14;0:00;1436.3 (-3.6)
11;27/01/2017 16:07;156985;1492.5;Standard;3:19;1:44;1:07;1439.9 (-3.0)
12;27/01/2017 16:05;142050;1449.3;Standard;3:28;6:40;1:27;1442.9 (+3.6)
13;27/01/2017 15:57;172584;1563.7;Standard;3:03;1:33;0:00;1439.3 (-2.3)
14;27/01/2017 15:55;156448;1377.1;Standard;5:59;5:50;0:02;1441.7 (+2.9)
15;27/01/2017 15:49;152379;1341.9;Standard;1:58;0:43;0:11;1438.8 (+2.6)
16;27/01/2017 15:48;76906;1456.9;Standard;3:03;1:49;0:40;1436.2 (+3.7)
17;27/01/2017 15:46;60460;1274.4;Standard;0:56;3:12;0:11;1432.5 (+2.0)
18;27/01/2017 15:43;52493;1447.4;Standard;1:48;0:31;0:00;1430.5 (-3.4)
19;27/01/2017 15:42;56258;1284.1;Standard;1:14;1:13;0:02;1433.8 (+2.1)
20;27/01/2017 15:41;153215;1270.7;Standard;2:51;1:39;0:23;1431.7 (+2.0)
21;27/01/2017 15:39;166786;1495.4;Standard;2:55;8:52;6:04;1429.7 (-2.9)
22;27/01/2017 15:30;74374;1377.6;Standard;2:19;2:09;0:04;1432.6 (+3.0)
23;27/01/2017 15:27;10249;1286.5;Standard;2:03;0:46;0:02;1429.6 (+2.1)
24;27/01/2017 15:26;75922;1421.3;Standard;1:18;0:21;0:00;1427.5 (-3.6)
25;27/01/2017 15:11;176520;1460.1;Standard;2:02;1:06;0:46;1431.1 (+3.8)
26;27/01/2017 15:10;44729;1169.5;Standard;0:28;0:26;0:00;1427.2 (+1.3)
27;27/01/2017 15:09;74220;1275.8;Standard;2:07;0:24;0:00;1425.9 (-5.0)
28;27/01/2017 15:08;71410;1352.9;Standard;2:49;4:13;0:09;1430.9 (+2.7)
29;27/01/2017 15:02;169512;1480.9;Standard;1:54;0:33;0:00;1428.1 (-3.0)
30;27/01/2017 15:01;61480;1515.3;Standard;4:39;3:41;0:03;1431.1 (+4.4)
31;27/01/2017 14:57;114554;1399.9;Standard;2:18;0:49;0:14;1426.8 (-3.8)
32;27/01/2017 14:56;71408;1388.1;Standard;2:48;6:32;6:00;1430.6 (-4.0)
33;27/01/2017 14:50;176202;1181.5;Standard;0:41;2:06;0:00;1434.5 (-5.7)
34;27/01/2017 14:48;169377;1389.4;Standard;3:56;3:34;2:42;1440.2 (+3.0)
35;27/01/2017 14:44;52987;1277.8;Standard;2:26;1:42;0:00;1437.2 (+2.0)
36;27/01/2017 14:42;89309;1334.2;Standard;1:11;0:54;0:02;1435.2 (+2.5)
37;27/01/2017 14:40;100353;1282.6;Standard;2:14;0:48;0:00;1432.7 (-5.0)
38;27/01/2017 14:38;51155;1351.7;Standard;3:08;36:21:00;1:58;1437.6 (-4.4)
39;27/01/2017 14:02;47648;1328.1;Standard;0:54;1:37;0:04;1442.0 (+2.4)
40;27/01/2017 14:00;78446;1499.0;Standard;3:00;2:22;0:40;1439.6 (+4.1)
41;27/01/2017 13:57;148329;1272.2;Standard;2:01;3:56;0:03;1435.5 (+2.0)
42;27/01/2017 13:53;157304;1216.9;Standard;1:15;0:36;0:01;1433.5 (-5.5)
43;27/01/2017 13:52;63572;1324.2;Standard;2:07;2:22;0:47;1439.0 (+2.4)
44;27/01/2017 13:50;100589;1417.2;Standard;2:51;2:29;0:05;1436.6 (+3.3)
45;27/01/2017 13:47;168395;1189.2;Standard;0:59;1:06;0:00;1433.2 (-5.7)
46;27/01/2017 13:46;16164;1416.3;Standard;2:03;3:54;0:00;1438.9 (-3.8)
47;27/01/2017 12:18;147452;1283.0;Standard;1:34;2:05;0:02;1442.7 (+2.0)
48;27/01/2017 12:16;97378;1185.1;Standard;1:42;2:19;0:03;1440.6 (+1.3)
49;27/01/2017 12:13;44034;1339.0;Standard;2:54;1:12;0:27;1439.3 (-4.5)
50;27/01/2017 12:12;94021;1185.6;Standard;1:19;4:43;0:26;1443.8 (+1.3)
1;30/01/2017 23:40;8819;1406.2;Standard;2:37;12:55;0:00;1455.8 (-4.0)
2;30/01/2017 23:26;51434;1237.5;Standard;1:18;2:52;0:00;1459.9 (+1.5)
3;30/01/2017 23:23;52490;1424.1;Standard;2:09;2:12;0:01;1458.3 (+3.2)
4;30/01/2017 23:21;95014;1215.7;Standard;1:05;1:01;0:03;1455.1 (+1.4)
5;30/01/2017 23:19;92980;1427.8;Standard;3:26;1:47;0:59;1453.7 (+3.3)
6;30/01/2017 23:17;71701;1387.9;Standard;1:47;0:58;0:09;1450.5 (+2.9)
7;30/01/2017 23:16;148363;1314.1;Standard;2:40;2:30;0:05;1447.6 (-4.8)
8;30/01/2017 23:13;175807;1359.0;Standard;1:50;3:58;0:14;1452.4 (+2.6)
9;30/01/2017 23:09;174946;1430.5;Standard;2:53;3:15;0:32;1449.8 (-3.7)
10;30/01/2017 23:05;161939;1337.0;Standard;2:30;2:28;2:03;1453.5 (-4.7)
11;30/01/2017 23:03;110147;1434.5;Standard;2:02;1:56;1:21;1458.2 (+3.3)
12;30/01/2017 23:01;75834;1278.8;Standard;1:50;0:39;0:03;1454.9 (+1.9)
13;30/01/2017 22:59;57717;1241.4;Standard;1:17;3:16;0:00;1453.0 (+1.6)
14;30/01/2017 22:56;94470;1186.4;Standard;1:34;1:35;0:03;1451.4 (+1.3)
15;30/01/2017 22:54;56188;1416.5;Standard;2:11;0:40;0:02;1450.1 (+3.2)
16;30/01/2017 22:53;51679;1461.3;Standard;1:28;0:35;0:07;1446.9 (+3.7)
17;30/01/2017 22:52;47899;1468.1;Standard;2:18;0:50;0:00;1443.3 (-3.3)
18;30/01/2017 22:51;72849;1381.4;Standard;0:45;0:35;0:18;1446.5 (+2.9)
19;30/01/2017 22:51;62202;1229.4;Standard;1:03;2:13;0:17;1443.7 (+1.6)
20;30/01/2017 22:47;173905;1391.9;Standard;2:01;3:57;0:00;1442.0 (-4.3)
21;30/01/2017 22:43;97398;1357.3;Standard;1:07;0:33;0:00;1446.3 (+2.9)
22;30/01/2017 22:43;101172;1200.9;Standard;1:56;3:40;0:01;1443.4 (+1.6)
23;30/01/2017 22:38;162962;1505.0;Standard;1:45;0:28;0:01;1441.8 (+5.0)
24;30/01/2017 22:38;172251;1323.3;Standard;1:28;1:00;0:02;1436.8 (+3.0)
25;30/01/2017 22:37;79124;1312.7;Standard;1:42;0:50;0:14;1433.8 (-6.1)
26;30/01/2017 22:36;105762;1313.2;Standard;1:23;0:44;0:06;1439.9 (+3.1)
1;31/01/2017 15:15;44527;1358.0;Standard;1:28;5:03;0:00;1449.0 (-4.4)
2;31/01/2017 15:10;152707;1322.4;Standard;1:11;0:23;0:06;1453.4 (+2.3)
3;31/01/2017 15:09;64486;1536.7;Standard;2:33;2:08;1:29;1451.1 (+4.4)
4;31/01/2017 15:07;102920;1369.0;Standard;2:18;4:19;0:56;1446.7 (+2.7)
5;31/01/2017 15:02;51180;1320.3;Standard;1:20;33:29:00;0:00;1444.0 (+2.3)
6;31/01/2017 14:29;76084;1357.7;Standard;2:19;1:17;0:32;1441.7 (+2.7)
7;31/01/2017 14:28;71693;1210.8;Standard;1:36;1:07;0:15;1439.0 (+1.5)
8;31/01/2017 14:26;72501;1476.8;Standard;2:03;6:00;0:00;1437.5 (-3.1)
9;31/01/2017 14:20;60047;1268.5;Standard;1:04;0:21;0:02;1440.6 (-5.1)
10;31/01/2017 14:19;105110;1066.6;Standard;0:41;0:32;0:00;1445.8 (+0.7)
11;31/01/2017 14:18;46011;1301.6;Standard;1:06;0:36;0:00;1445.0 (-4.9)
12;31/01/2017 14:17;89463;1314.7;Standard;2:30;6:03;0:00;1449.9 (-4.8)
13;31/01/2017 14:11;73684;1452.6;Standard;2:16;3:42;0:00;1454.8 (-3.5)
14;31/01/2017 14:07;149669;1389.4;Standard;3:36;3:02;0:02;1458.3 (+2.8)
15;31/01/2017 14:04;60063;1157.0;Standard;0:57;0:32;0:00;1455.5 (+1.1)
16;31/01/2017 14:03;169677;1251.5;Standard;1:19;1:02;0:04;1454.4 (+1.7)
17;31/01/2017 14:02;44354;1385.0;Standard;1:13;0:16;0:00;1452.7 (+2.8)
18;31/01/2017 14:02;61405;1257.0;Standard;1:31;1:55;0:03;1449.9 (+1.7)
19;31/01/2017 14:00;97239;1261.8;Standard;1:02;0:22;0:02;1448.2 (+1.8)
20;31/01/2017 13:59;43693;1274.0;Standard;1:06;0:32;0:05;1446.4 (+1.9)
21;31/01/2017 13:59;158716;1250.4;Standard;1:48;0:38;0:01;1444.4 (+1.7)
22;31/01/2017 13:58;167676;1370.4;Standard;2:22;0:40;0:00;1442.7 (-4.2)
23;31/01/2017 13:57;93998;1324.8;Standard;2:36;12:30;0:00;1446.9 (-4.7)
24;31/01/2017 13:45;64935;1488.1;Standard;2:32;0:51;0:05;1451.7 (+3.9)
25;31/01/2017 13:44;23888;1248.5;Standard;0:44;0:25;0:01;1447.8 (-5.3)
26;31/01/2017 13:43;626;1354.6;Standard;1:54;4:14;0:02;1453.1 (+2.6)
27;31/01/2017 13:39;48354;1339.5;Standard;0:44;0:36;0:00;1450.6 (-4.6)
28;31/01/2017 13:38;148365;1439.3;Standard;1:39;0:49;0:00;1455.2 (-3.7)
29;31/01/2017 13:37;166370;1308.7;Standard;1:18;0:36;0:03;1458.9 (+2.1)
30;31/01/2017 13:36;169424;1408.1;Standard;2:03;1:08;0:51;1456.8 (-4.0)
31;31/01/2017 13:35;153919;1205.2;Standard;1:23;0:36;0:13;1460.8 (+1.3)
32;31/01/2017 12:17;177046;1398.0;Standard;5:14;5:51;0:00;1459.5 (-4.1)
33;31/01/2017 12:12;77616;1332.9;Standard;1:48;0:40;0:06;1463.6 (+2.3)
34;31/01/2017 11:54;60678;1320.2;Standard;1:14;0:58;0:02;1461.3 (+2.2)
35;31/01/2017 11:53;153101;1489.4;Standard;2:39;1:38;0:48;1459.2 (+3.8)
36;31/01/2017 11:51;141745;1474.0;Standard;2:03;2:18;0:09;1455.3 (+3.7)
37;31/01/2017 11:47;59608;1471.7;Standard;2:16;5:25;0:00;1451.6 (-3.3)
38;31/01/2017 11:42;97636;1387.2;Standard;1:59;0:43;0:03;1454.9 (+2.8)
39;31/01/2017 11:40;177474;1438.5;Standard;3:02;0:37;0:00;1452.1 (-3.7)
1;31/01/2017 18:56;56152;1221.4;Standard;0:50;0:12;0:01;1457.5 (+1.4)
2;31/01/2017 18:55;155879;1461.8;Standard;3:11;1:06;0:23;1456.0 (-3.5)
3;31/01/2017 18:53;176348;1335.5;Standard;2:24;6:46;0:04;1459.5 (+2.3)
4;31/01/2017 18:47;47622;1345.6;Standard;1:34;2:38;0:01;1457.2 (+2.4)
5;31/01/2017 18:43;57090;1555.0;Standard;2:25;1:08;0:00;1454.7 (-2.5)
6;31/01/2017 18:42;63674;1215.3;Standard;1:26;2:06;0:07;1457.3 (+1.4)
7;31/01/2017 18:40;21770;1479.6;Standard;1:50;4:44;0:23;1455.9 (+3.8)
8;31/01/2017 18:34;177321;1351.6;Standard;2:55;6:53;1:42;1452.1 (+2.5)
9;31/01/2017 18:27;63713;1391.4;Standard;2:26;10:16;0:00;1449.6 (-4.1)
10;31/01/2017 18:16;141295;1475.5;Standard;4:38;3:21;0:26;1453.7 (+3.7)
11;31/01/2017 18:13;105499;1432.0;Standard;1:50;0:34;0:00;1450.0 (-3.7)
12;31/01/2017 18:12;164890;1574.1;Standard;4:39;2:57:02;0:24;1453.7 (+4.7)
